,fps,frame_end,frame_start,instance_id,signer_id,source,split,url,variation_id,video_id,bbox_xmin,bbox_ymin,bbox_xmax,bbox_ymax,gloss
562,25,-1,1,9,10,signingsavvy,train,https://www.signingsavvy.com/signs/mp4/24/24332.mp4,0,631,40,15,252,192,accident
563,25,-1,1,10,11,signingsavvy,train,https://www.signingsavvy.com/signs/mp4/5/5277.mp4,1,632,53,14,218,192,accident
566,25,-1,1,14,11,signingsavvy,train,https://www.signingsavvy.com/signs/mp4/6/6969.mp4,1,633,81,16,223,192,accident
5006,25,-1,1,13,13,asldeafined,train,https://media.asldeafined.com/vocabulary/1466169739.730.mp4,0,965,90,21,531,480,add
5000,25,-1,1,2,11,signingsavvy,train,https://www.signingsavvy.com/signs/mp4/6/6473.mp4,0,967,76,15,202,192,add
5002,25,-1,1,9,41,aslsearch,test,http://www.aslsearch.com/signs/videos/add.mp4,0,973,229,38,510,400,add
808,25,-1,1,6,13,asldeafined,train,https://media.asldeafined.com/vocabulary/1466171159.7047.mp4,0,1388,137,16,531,480,africa
809,25,-1,1,8,11,signingsavvy,val,https://www.signingsavvy.com/signs/mp4/14/14836.mp4,1,1391,80,10,222,192,africa
3936,25,-1,1,1,11,signingsavvy,train,https://www.signingsavvy.com/signs/mp4/6/6164.mp4,0,1557,67,14,216,192,ago
3937,25,-1,1,2,11,signingsavvy,train,https://www.signingsavvy.com/signs/mp4/6/6166.mp4,0,1558,57,8,219,192,ago
3048,25,-1,1,1,11,signingsavvy,train,https://www.signingsavvy.com/signs/mp4/14/14275.mp4,0,2109,80,12,209,192,alone
3049,25,-1,1,2,11,signingsavvy,train,https://www.signingsavvy.com/signs/mp4/14/14276.mp4,0,2110,69,10,209,192,alone
2337,25,-1,1,11,13,asldeafined,test,https://media.asldeafined.com/vocabulary/1466510256.6098.mp4,0,2587,80,15,622,480,animal
2338,25,-1,1,13,11,signingsavvy,train,https://www.signingsavvy.com/signs/mp4/14/14630.mp4,0,2589,68,8,225,192,animal
2331,25,-1,1,4,41,aslsearch,train,http://www.aslsearch.com/signs/videos/animal.mp4,0,2592,207,35,507,400,animal
570,25,-1,1,9,12,aslsearch,train,http://www.aslsearch.com/signs/videos/apple.mp4,0,3008,158,50,541,399,apple
3065,25,-1,1,11,13,asldeafined,test,https://media.asldeafined.com/vocabulary/1466511982.60.mp4,0,3060,119,22,540,480,appointment
3066,25,-1,1,12,10,signingsavvy,val,https://www.signingsavvy.com/signs/mp4/22/22122.mp4,0,3061,89,24,226,192,appointment
3057,25,-1,1,2,11,signingsavvy,train,https://www.signingsavvy.com/signs/mp4/6/6265.mp4,0,3062,76,15,215,192,appointment
2343,25,-1,1,7,13,asldeafined,train,https://media.asldeafined.com/vocabulary/1466512503.4091.mp4,0,3274,127,22,612,480,argue
2345,25,-1,1,11,10,signingsavvy,train,https://www.signingsavvy.com/signs/mp4/22/22238.mp4,0,3277,60,21,233,192,argue
3070,25,-1,1,4,45,signschool,train,https://signstock.blob.core.windows.net/signschool/videos/db_uploads/SignSchool%20Australia-WhRLSPxDkJw.mp4,0,4189,538,106,1621,1080,australia
3071,25,-1,1,5,13,asldeafined,train,https://media.asldeafined.com/vocabulary/1466646970.4368.mp4,0,4190,82,17,608,480,australia
3073,25,-1,1,9,11,signingsavvy,train,https://www.signingsavvy.com/signs/mp4/5/5754.mp4,0,4193,75,0,228,192,australia
2357,25,-1,1,13,11,signingsavvy,train,https://www.signingsavvy.com/signs/mp4/7/7757.mp4,0,4511,71,16,237,192,baby
2350,25,-1,1,4,12,aslsearch,train,http://www.aslsearch.com/signs/videos/baby.mp4,0,4514,172,48,591,400,baby
1364,25,-1,1,10,11,signingsavvy,val,https://www.signingsavvy.com/signs/mp4/6/6529.mp4,0,4717,61,16,211,192,bad
1367,25,-1,1,14,11,signingsavvy,train,https://www.signingsavvy.com/signs/mp4/6/6944.mp4,0,4718,75,15,238,192,bad
1728,25,-1,1,2,10,signingsavvy,train,https://www.signingsavvy.com/signs/mp4/23/23213.mp4,0,4801,77,26,210,192,balance
1729,25,-1,1,3,10,signingsavvy,val,https://www.signingsavvy.com/signs/mp4/23/23214.mp4,0,4802,86,26,197,192,balance
1730,25,-1,1,4,10,signingsavvy,train,https://www.signingsavvy.com/signs/mp4/23/23215.mp4,0,4803,60,26,234,192,balance
1373,25,-1,1,6,11,signingsavvy,train,https://www.signingsavvy.com/signs/mp4/14/14844.mp4,0,4854,73,15,215,192,ball
1374,25,-1,1,10,11,signingsavvy,val,https://www.signingsavvy.com/signs/mp4/6/6775.mp4,0,4858,71,19,215,191,ball
3083,25,-1,1,1,11,signingsavvy,train,https://www.signingsavvy.com/signs/mp4/7/7189.mp4,0,4873,66,12,226,192,balloon
3084,25,-1,1,3,41,aslsearch,train,http://www.aslsearch.com/signs/videos/balloon.mp4,0,4875,138,40,560,400,balloon
1738,25,-1,1,1,13,asldeafined,train,https://media.asldeafined.com/vocabulary/1466648737.6148.mp4,0,4900,80,28,522,480,banana
1739,25,-1,1,4,11,signingsavvy,train,https://www.signingsavvy.com/signs/mp4/6/6776.mp4,0,4903,68,16,212,192,banana
1742,25,-1,1,10,41,aslsearch,val,http://www.aslsearch.com/signs/videos/banana.mp4,0,4906,213,40,479,400,banana
5116,25,-1,1,13,13,asldeafined,val,https://media.asldeafined.com/vocabulary/1466649145.6852.mp4,0,5067,121,31,517,480,barely
5109,25,-1,1,2,10,signingsavvy,train,https://www.signingsavvy.com/signs/mp4/22/22528.mp4,0,5069,47,0,205,192,barely
1072,25,-1,1,13,11,signingsavvy,train,https://www.signingsavvy.com/signs/mp4/5/5077.mp4,1,5095,64,15,220,192,bar
1073,25,-1,1,15,11,signingsavvy,train,https://www.signingsavvy.com/signs/mp4/5/5079.mp4,1,5097,45,10,243,192,bar
1074,25,-1,1,16,11,signingsavvy,train,https://www.signingsavvy.com/signs/mp4/7/7456.mp4,0,5098,45,13,227,192,bar
818,25,-1,1,11,10,signingsavvy,train,https://www.signingsavvy.com/signs/mp4/23/23590.mp4,0,5238,76,19,215,192,basketball
822,25,-1,1,16,11,signingsavvy,val,https://www.signingsavvy.com/signs/mp4/6/6341.mp4,0,5239,71,15,221,192,basketball
823,25,-1,1,20,12,aslsearch,train,http://www.aslsearch.com/signs/videos/basketball.mp4,0,5243,160,42,557,400,basketball
1750,25,-1,1,6,34,asldeafined,train,https://media.asldeafined.com/vocabulary/1546572824.1237.mp4,0,5473,147,20,550,480,beard
1752,25,-1,1,11,11,signingsavvy,val,https://www.signingsavvy.com/signs/mp4/8/8965.mp4,0,5476,70,17,215,192,beard
1762,25,-1,1,11,11,signingsavvy,test,https://www.signingsavvy.com/signs/mp4/6/6973.mp4,0,5605,63,14,223,192,because
1763,25,-1,1,12,11,signingsavvy,val,https://www.signingsavvy.com/signs/mp4/8/8836.mp4,0,5606,32,0,215,192,because
364,25,-1,1,10,10,signingsavvy,train,https://www.signingsavvy.com/signs/mp4/23/23233.mp4,0,5636,72,23,218,192,bed
366,25,-1,1,12,10,signingsavvy,train,https://www.signingsavvy.com/signs/mp4/23/23908.mp4,0,5637,74,18,192,192,bed
369,25,-1,1,16,11,signingsavvy,train,https://www.signingsavvy.com/signs/mp4/6/6637.mp4,0,5638,72,17,219,192,bed
357,25,-1,1,2,12,aslsearch,train,http://www.aslsearch.com/signs/videos/bed.mp4,0,5644,170,52,534,400,bed
46,25,-1,1,23,10,signingsavvy,test,https://www.signingsavvy.com/signs/mp4/22/22829.mp4,1,5739,74,23,209,192,before
47,25,-1,1,24,10,signingsavvy,train,https://www.signingsavvy.com/signs/mp4/22/22831.mp4,1,5740,90,22,203,192,before
48,25,-1,1,25,11,signingsavvy,test,https://www.signingsavvy.com/signs/mp4/5/5971.mp4,0,5741,65,9,219,192,before
49,25,-1,1,26,11,signingsavvy,train,https://www.signingsavvy.com/signs/mp4/6/6164.mp4,0,5742,67,14,216,192,before
4060,25,-1,1,9,12,aslsearch,train,http://www.aslsearch.com/signs/videos/big.mp4,0,6202,153,51,561,400,big
582,25,-1,1,5,59,asldeafined,test,https://media.asldeafined.com/vocabulary/1466682238.9870.mp4,0,6335,86,18,509,480,bird
583,25,-1,1,7,10,signingsavvy,train,https://www.signingsavvy.com/signs/mp4/23/23779.mp4,0,6337,71,18,210,192,bird
226,25,-1,1,9,11,signingsavvy,train,https://www.signingsavvy.com/signs/mp4/7/7145.mp4,0,6477,48,11,226,192,black
227,25,-1,1,10,11,signingsavvy,train,https://www.signingsavvy.com/signs/mp4/8/8384.mp4,0,6478,63,8,245,192,black
230,25,-1,1,21,12,aslsearch,train,http://www.aslsearch.com/signs/videos/black.mp4,0,6486,131,52,555,400,black
1388,25,-1,1,6,10,signingsavvy,val,https://www.signingsavvy.com/signs/mp4/24/24250.mp4,0,6558,47,16,237,192,blanket
1389,25,-1,1,7,11,signingsavvy,train,https://www.signingsavvy.com/signs/mp4/9/9933.mp4,0,6559,52,7,222,192,blanket
383,25,-1,1,7,59,asldeafined,train,https://media.asldeafined.com/vocabulary/1466684977.5374.mp4,0,7394,106,23,557,480,bowling
384,25,-1,1,10,11,signingsavvy,train,https://www.signingsavvy.com/signs/mp4/14/14322.mp4,0,7397,69,12,217,192,bowling
388,25,-1,1,15,11,signingsavvy,val,https://www.signingsavvy.com/signs/mp4/14/14420.mp4,0,7398,84,17,226,192,bowling
389,25,-1,1,16,11,signingsavvy,train,https://www.signingsavvy.com/signs/mp4/14/14421.mp4,0,7399,68,10,222,192,bowling
1078,25,-1,1,4,59,asldeafined,val,https://media.asldeafined.com/vocabulary/1466724511.7331.mp4,0,7938,98,28,530,480,brother
1079,25,-1,1,6,11,signingsavvy,train,https://www.signingsavvy.com/signs/mp4/5/5783.mp4,0,7940,68,8,212,192,brother
1403,25,-1,1,14,59,asldeafined,train,https://media.asldeafined.com/vocabulary/1466725657.9852.mp4,0,8486,74,28,524,480,buy
1396,25,-1,1,3,11,signingsavvy,train,https://www.signingsavvy.com/signs/mp4/6/6442.mp4,0,8488,68,14,215,192,buy
1399,25,-1,1,10,41,aslsearch,train,http://www.aslsearch.com/signs/videos/buy.mp4,0,8492,231,40,486,400,buy
4085,25,-1,1,1,11,signingsavvy,train,https://www.signingsavvy.com/signs/mp4/14/14118.mp4,0,8676,46,5,208,192,california
4086,25,-1,1,2,11,signingsavvy,train,https://www.signingsavvy.com/signs/mp4/9/9428.mp4,0,8677,50,9,217,192,california
1415,25,-1,1,29,11,signingsavvy,train,https://www.signingsavvy.com/signs/mp4/6/6918.mp4,0,8702,75,14,229,192,call
1405,25,-1,1,4,11,signingsavvy,test,https://www.signingsavvy.com/signs/mp4/8/8872.mp4,1,8706,67,11,215,192,call
1406,25,-1,1,6,11,signingsavvy,val,https://www.signingsavvy.com/signs/mp4/9/9229.mp4,1,8707,51,14,208,192,call
98,25,-1,1,11,17,asldeafined,train,https://media.asldeafined.com/vocabulary/1471144833.8086.mp4,1,8921,66,24,572,480,candy
100,25,-1,1,15,11,signingsavvy,train,https://www.signingsavvy.com/signs/mp4/6/6123.mp4,0,8924,80,11,216,192,candy
104,25,-1,1,21,11,signingsavvy,test,https://www.signingsavvy.com/signs/mp4/7/7906.mp4,1,8925,78,15,233,192,candy
399,25,-1,1,20,11,signingsavvy,train,https://www.signingsavvy.com/signs/mp4/9/9064.mp4,0,8944,70,18,217,192,can
393,25,-1,1,8,12,aslsearch,train,http://www.aslsearch.com/signs/videos/can.mp4,0,8955,163,54,555,400,can
1781,25,-1,1,3,11,signingsavvy,val,https://www.signingsavvy.com/signs/mp4/9/9207.mp4,0,9185,72,15,206,192,careful
1782,25,-1,1,4,11,signingsavvy,train,https://www.signingsavvy.com/signs/mp4/9/9208.mp4,0,9186,76,16,206,192,careful
1785,25,-1,1,9,12,aslsearch,test,http://www.aslsearch.com/signs/videos/careful.mp4,0,9188,186,62,556,400,careful
4109,25,-1,1,14,4,signschool,train,https://signstock.blob.core.windows.net/signschool/videos/db_uploads/SignSchool%20Corn%203-Eatzxv2w41I.mp4,0,9310,487,36,1559,1080,carrot
4103,25,-1,1,2,59,asldeafined,train,https://media.asldeafined.com/vocabulary/1466727674.6974.mp4,0,9311,88,26,518,480,carrot
2398,25,-1,1,9,11,signingsavvy,train,https://www.signingsavvy.com/signs/mp4/6/6498.mp4,0,9467,74,19,217,192,catch
2399,25,-1,1,11,11,signingsavvy,test,https://www.signingsavvy.com/signs/mp4/6/6499.mp4,0,9468,54,14,213,192,catch
1094,25,-1,1,17,41,aslsearch,train,http://www.aslsearch.com/signs/videos/cat.mp4,0,9538,215,42,465,400,cat
2409,25,-1,1,1,39,signschool,train,https://signstock.blob.core.windows.net/signschool/videos/db_uploads/SignSchool%20Champ-_v0KzlYIAxc.mp4,0,9920,415,84,1573,1080,champion
2410,25,-1,1,2,45,signschool,train,https://signstock.blob.core.windows.net/signschool/videos/db_uploads/SignSchool%20Mushroom%2C%20Championship-FwEsnbhJcdw.mp4,0,9921,676,148,1657,1080,champion
2411,25,-1,1,3,59,asldeafined,val,https://media.asldeafined.com/vocabulary/1466729649.6746.mp4,0,9922,108,18,528,480,champion
597,25,-1,1,15,59,asldeafined,val,https://media.asldeafined.com/vocabulary/1466729718.948.mp4,0,9957,112,19,561,480,change
599,25,-1,1,19,13,asldeafined,train,https://media.asldeafined.com/vocabulary/1468760882.9730.mp4,0,9960,149,0,591,480,change
600,25,-1,1,22,11,signingsavvy,train,https://www.signingsavvy.com/signs/mp4/14/14623.mp4,0,9963,80,14,203,192,change
1801,25,-1,1,8,10,signingsavvy,train,https://www.signingsavvy.com/signs/mp4/22/22576.mp4,0,10109,73,20,214,192,chat
1802,25,-1,1,10,10,signingsavvy,test,https://www.signingsavvy.com/signs/mp4/22/22578.mp4,0,10111,84,20,199,192,chat
853,25,-1,1,21,11,signingsavvy,train,https://www.signingsavvy.com/signs/mp4/14/14046.mp4,1,10158,75,13,197,192,cheat
854,25,-1,1,22,11,signingsavvy,test,https://www.signingsavvy.com/signs/mp4/14/14047.mp4,1,10159,56,11,207,192,cheat
846,25,-1,1,7,12,aslsearch,train,http://www.aslsearch.com/signs/videos/cheat.mp4,1,10166,175,52,541,400,cheat
1101,25,-1,1,5,21,asldeafined,val,https://media.asldeafined.com/vocabulary/1468378356.4361.mp4,0,10188,40,12,587,480,check
1102,25,-1,1,7,10,signingsavvy,train,https://www.signingsavvy.com/signs/mp4/23/23211.mp4,0,10190,48,19,202,192,check
1103,25,-1,1,9,11,signingsavvy,val,https://www.signingsavvy.com/signs/mp4/9/9988.mp4,1,10192,72,11,220,192,check
3187,25,-1,1,13,10,signingsavvy,val,https://www.signingsavvy.com/signs/mp4/23/23321.mp4,0,10449,50,17,219,192,child
3179,25,-1,1,2,11,signingsavvy,train,https://www.signingsavvy.com/signs/mp4/9/9191.mp4,0,10450,69,17,215,192,child
857,25,-1,1,6,11,signingsavvy,val,https://www.signingsavvy.com/signs/mp4/6/6001.mp4,0,10898,73,3,221,192,city
861,25,-1,1,16,12,aslsearch,val,http://www.aslsearch.com/signs/videos/city.mp4,0,10904,200,56,557,400,city
1115,25,-1,1,16,11,signingsavvy,train,https://www.signingsavvy.com/signs/mp4/9/9413.mp4,0,10973,65,4,213,192,class
1108,25,-1,1,7,12,aslsearch,train,http://www.aslsearch.com/signs/videos/class.mp4,0,10976,185,51,565,400,class
1430,25,-1,1,8,59,asldeafined,val,https://media.asldeafined.com/vocabulary/1466899767.7689.mp4,0,11628,116,29,513,480,cold
1432,25,-1,1,15,10,signingsavvy,train,https://www.signingsavvy.com/signs/mp4/22/22759.mp4,0,11633,88,22,216,192,cold
1433,25,-1,1,16,10,signingsavvy,val,https://www.signingsavvy.com/signs/mp4/22/22867.mp4,0,11634,65,21,233,192,cold
30,25,-1,1,21,4,signschool,train,https://signstock.blob.core.windows.net/signschool/videos/db_uploads/SignSchool%20Computer%204-1f6Cc5NXBgw.mp4,0,12318,365,45,1673,1080,computer
31,25,-1,1,22,45,signschool,train,https://signstock.blob.core.windows.net/signschool/videos/db_uploads/SignSchool%20Republic%20of%20Congo-b6U1CIWIPIw.mp4,2,12319,494,99,1414,1077,computer
32,25,-1,1,23,59,asldeafined,test,https://media.asldeafined.com/vocabulary/1466901185.5915.mp4,1,12320,74,19,565,480,computer
33,25,-1,1,30,11,signingsavvy,val,https://www.signingsavvy.com/signs/mp4/6/6011.mp4,0,12326,69,9,214,192,computer
1840,25,-1,1,11,10,signingsavvy,train,https://www.signingsavvy.com/signs/mp4/23/23342.mp4,0,13143,86,17,228,192,convince
1841,25,-1,1,12,10,signingsavvy,train,https://www.signingsavvy.com/signs/mp4/23/23343.mp4,1,13144,89,20,203,192,convince
245,25,-1,1,21,10,signingsavvy,train,https://www.signingsavvy.com/signs/mp4/22/22660.mp4,0,13208,85,20,219,192,cool
246,25,-1,1,22,10,signingsavvy,train,https://www.signingsavvy.com/signs/mp4/23/23043.mp4,2,13209,73,21,200,192,cool
233,25,-1,1,3,10,signingsavvy,train,https://www.signingsavvy.com/signs/mp4/24/24134.mp4,1,13213,73,16,215,192,cool
235,25,-1,1,7,12,aslsearch,train,http://www.aslsearch.com/signs/videos/cool2.mp4,1,13216,154,51,527,400,cool
619,25,-1,1,17,11,signingsavvy,train,https://www.signingsavvy.com/signs/mp4/7/7286.mp4,0,13333,68,14,225,192,corn
620,25,-1,1,18,11,signingsavvy,test,https://www.signingsavvy.com/signs/mp4/8/8825.mp4,0,13334,67,9,218,192,corn
610,25,-1,1,2,12,aslsearch,train,http://www.aslsearch.com/signs/videos/corn.mp4,0,13337,157,54,530,400,corn
4189,25,-1,1,10,11,signingsavvy,train,https://www.signingsavvy.com/signs/mp4/6/6234.mp4,1,13355,86,15,214,192,correct
4190,25,-1,1,11,11,signingsavvy,train,https://www.signingsavvy.com/signs/mp4/9/9905.mp4,0,13356,63,11,215,192,correct
4182,25,-1,1,2,12,aslsearch,test,http://www.aslsearch.com/signs/videos/correct2.mp4,0,13358,168,54,525,400,correct
1846,25,-1,1,5,10,signingsavvy,train,https://www.signingsavvy.com/signs/mp4/23/23277.mp4,0,13550,89,22,215,192,country
1848,25,-1,1,11,12,aslsearch,val,http://www.aslsearch.com/signs/videos/country2.mp4,0,13554,170,57,532,400,country
115,25,-1,1,16,11,signingsavvy,train,https://www.signingsavvy.com/signs/mp4/6/6148.mp4,0,13640,52,9,225,192,cousin
116,25,-1,1,17,11,signingsavvy,val,https://www.signingsavvy.com/signs/mp4/6/6150.mp4,0,13641,79,8,222,192,cousin
117,25,-1,1,18,11,signingsavvy,train,https://www.signingsavvy.com/signs/mp4/6/6568.mp4,0,13642,54,9,222,192,cousin
624,25,-1,1,4,59,asldeafined,train,https://media.asldeafined.com/vocabulary/1466904642.2093.mp4,0,13699,63,29,610,480,cow
625,25,-1,1,7,11,signingsavvy,train,https://www.signingsavvy.com/signs/mp4/14/14631.mp4,1,13702,36,0,220,192,cow
626,25,-1,1,8,11,signingsavvy,val,https://www.signingsavvy.com/signs/mp4/14/14633.mp4,0,13703,34,0,257,192,cow
1857,25,-1,1,5,10,signingsavvy,train,https://www.signingsavvy.com/signs/mp4/24/24336.mp4,0,13806,42,13,198,192,crash
1858,25,-1,1,11,12,aslsearch,train,http://www.aslsearch.com/signs/videos/crash2.mp4,0,13812,186,61,563,400,crash
1121,25,-1,1,9,11,signingsavvy,train,https://www.signingsavvy.com/signs/mp4/9/9349.mp4,0,14182,62,11,216,192,cry
1122,25,-1,1,10,11,signingsavvy,train,https://www.signingsavvy.com/signs/mp4/9/9350.mp4,0,14183,65,13,217,192,cry
642,25,-1,1,9,11,signingsavvy,train,https://www.signingsavvy.com/signs/mp4/14/14847.mp4,0,14680,47,6,237,192,dark
646,25,-1,1,13,11,signingsavvy,train,https://www.signingsavvy.com/signs/mp4/14/14870.mp4,1,14681,69,5,221,192,dark
647,25,-1,1,17,12,aslsearch,test,http://www.aslsearch.com/signs/videos/dark.mp4,0,14685,169,52,568,400,dark
1457,25,-1,1,4,11,signingsavvy,train,https://www.signingsavvy.com/signs/mp4/6/6365.mp4,0,14755,63,16,210,192,daughter
1458,25,-1,1,5,11,signingsavvy,val,https://www.signingsavvy.com/signs/mp4/8/8464.mp4,0,14756,67,21,209,191,daughter
1459,25,-1,1,6,11,signingsavvy,train,https://www.signingsavvy.com/signs/mp4/8/8466.mp4,0,14757,66,19,207,192,daughter
1870,25,-1,1,15,59,asldeafined,train,https://media.asldeafined.com/vocabulary/1466906673.7670.mp4,0,14796,103,19,546,480,day
1863,25,-1,1,4,11,signingsavvy,val,https://www.signingsavvy.com/signs/mp4/7/7674.mp4,0,14799,78,13,216,192,day
127,25,-1,1,16,15,asldeafined,test,https://media.asldeafined.com/vocabulary/1522766619.2346.mp4,0,14888,95,28,530,480,deaf
128,25,-1,1,21,10,signingsavvy,train,https://www.signingsavvy.com/signs/mp4/23/23016.mp4,0,14893,66,24,205,192,deaf
129,25,-1,1,22,10,signingsavvy,train,https://www.signingsavvy.com/signs/mp4/23/23017.mp4,0,14894,60,24,206,192,deaf
874,25,-1,1,5,10,signingsavvy,val,https://www.signingsavvy.com/signs/mp4/23/23917.mp4,0,15037,71,17,209,192,decide
875,25,-1,1,6,11,signingsavvy,train,https://www.signingsavvy.com/signs/mp4/9/9203.mp4,0,15038,53,15,230,192,decide
3225,25,-1,1,2,11,signingsavvy,test,https://www.signingsavvy.com/signs/mp4/6/6684.mp4,1,15100,54,9,245,192,decorate
3226,25,-1,1,3,11,signingsavvy,val,https://www.signingsavvy.com/signs/mp4/7/7934.mp4,1,15101,84,15,231,192,decorate
2440,25,-1,1,2,11,signingsavvy,train,https://www.signingsavvy.com/signs/mp4/6/6586.mp4,0,15325,82,17,216,192,delay
2441,25,-1,1,3,11,signingsavvy,val,https://www.signingsavvy.com/signs/mp4/6/6587.mp4,0,15326,75,13,227,192,delay
2442,25,-1,1,4,11,signingsavvy,train,https://www.signingsavvy.com/signs/mp4/6/6588.mp4,0,15327,72,13,225,192,delay
2454,25,-1,1,4,60,signschool,val,https://signstock.blob.core.windows.net/signschool/videos/db_uploads/SignSchool%20really%20delicious-_HJPMED-hHE.mp4,0,15366,357,19,808,480,delicious
2455,25,-1,1,7,10,signingsavvy,train,https://www.signingsavvy.com/signs/mp4/22/22563.mp4,0,15369,69,23,202,192,delicious
2457,25,-1,1,10,10,signingsavvy,train,https://www.signingsavvy.com/signs/mp4/22/22564.mp4,0,15370,49,22,211,192,delicious
3257,25,-1,1,2,41,aslsearch,train,http://www.aslsearch.com/signs/videos/dirty.mp4,0,16411,223,49,486,400,dirty
3258,25,-1,1,3,41,aslsearch,train,http://www.aslsearch.com/signs/videos/dirty.mp4,0,16412,223,49,486,400,dirty
3272,25,-1,1,11,31,signschool,train,https://signstock.blob.core.windows.net/signschool/videos/db_uploads/SignSchool%20Dive-mw-2iRCBPFQ.mp4,0,16894,537,78,1566,1080,dive
3273,25,-1,1,12,21,asldeafined,train,https://media.asldeafined.com/vocabulary/1467771942.8053.mp4,1,16895,72,5,573,480,dive
652,25,-1,1,7,10,signingsavvy,train,https://www.signingsavvy.com/signs/mp4/22/22643.mp4,1,17019,93,20,203,192,doctor
653,25,-1,1,8,10,signingsavvy,test,https://www.signingsavvy.com/signs/mp4/22/22644.mp4,0,17020,91,21,201,192,doctor
657,25,-1,1,18,12,aslsearch,train,http://www.aslsearch.com/signs/videos/doctor.mp4,1,17026,189,63,546,400,doctor
407,25,-1,1,12,11,signingsavvy,train,https://www.signingsavvy.com/signs/mp4/6/6597.mp4,0,17091,105,20,213,192,dog
401,25,-1,1,4,12,aslsearch,test,http://www.aslsearch.com/signs/videos/dog.mp4,1,17097,133,62,585,400,dog
18,25,-1,1,32,10,signingsavvy,train,https://www.signingsavvy.com/signs/mp4/23/23388.mp4,0,17722,66,19,209,192,drink
19,25,-1,1,33,10,signingsavvy,train,https://www.signingsavvy.com/signs/mp4/23/23389.mp4,0,17723,65,20,208,192,drink
20,25,-1,1,34,11,signingsavvy,val,https://www.signingsavvy.com/signs/mp4/7/7796.mp4,0,17724,68,18,220,192,drink
9,25,-1,1,16,12,aslsearch,train,http://www.aslsearch.com/signs/videos/drink-alcohol.mp4,0,17733,186,63,551,400,drink
1895,25,-1,1,3,11,signingsavvy,train,https://www.signingsavvy.com/signs/mp4/1/1463.mp4,0,17827,26,14,223,192,drop
1896,25,-1,1,4,11,signingsavvy,train,https://www.signingsavvy.com/signs/mp4/5/5519.mp4,0,17828,49,13,206,192,drop
3289,25,-1,1,10,10,signingsavvy,train,https://www.signingsavvy.com/signs/mp4/22/22922.mp4,0,17935,74,27,210,192,dry
3290,25,-1,1,11,11,signingsavvy,test,https://www.signingsavvy.com/signs/mp4/8/8728.mp4,0,17936,58,10,216,192,dry
3283,25,-1,1,3,12,aslsearch,train,http://www.aslsearch.com/signs/videos/dry.mp4,0,17939,171,65,530,400,dry
2503,25,-1,1,3,21,asldeafined,train,https://media.asldeafined.com/vocabulary/1468376731.9585.mp4,1,19412,17,0,573,480,environment
2504,25,-1,1,5,11,signingsavvy,train,https://www.signingsavvy.com/signs/mp4/7/7187.mp4,0,19414,89,19,207,192,environment
1471,25,-1,1,6,21,asldeafined,train,https://media.asldeafined.com/vocabulary/1468378376.6984.mp4,0,20072,64,11,581,480,example
1475,25,-1,1,11,11,signingsavvy,train,https://www.signingsavvy.com/signs/mp4/6/6176.mp4,0,20074,76,15,213,192,example
1476,25,-1,1,14,41,aslsearch,test,http://www.aslsearch.com/signs/videos/example.mp4,0,20077,236,46,485,400,example
416,25,-1,1,9,11,signingsavvy,train,https://www.signingsavvy.com/signs/mp4/14/14462.mp4,0,20986,84,12,218,192,family
417,25,-1,1,10,11,signingsavvy,train,https://www.signingsavvy.com/signs/mp4/6/6375.mp4,0,20987,79,13,210,192,family
420,25,-1,1,18,41,aslsearch,train,http://www.aslsearch.com/signs/videos/family.mp4,0,20992,217,35,489,400,family
1479,25,-1,1,3,32,signschool,train,https://signstock.blob.core.windows.net/signschool/videos/db_uploads/SignSchool%20Far-sfcP223iU-4.mp4,0,21074,482,57,1647,1080,far
1480,25,-1,1,4,15,asldeafined,train,https://media.asldeafined.com/vocabulary/1499869515.5396.mp4,1,21075,143,35,525,480,far
1481,25,-1,1,6,10,signingsavvy,train,https://www.signingsavvy.com/signs/mp4/23/23561.mp4,0,21077,45,0,208,192,far
3348,25,-1,1,6,41,aslsearch,train,http://www.aslsearch.com/signs/videos/fast.mp4,0,21187,221,34,482,400,fast
1910,25,-1,1,17,10,signingsavvy,test,https://www.signingsavvy.com/signs/mp4/24/24239.mp4,0,21241,47,13,252,192,fat
1911,25,-1,1,18,10,signingsavvy,train,https://www.signingsavvy.com/signs/mp4/24/24240.mp4,0,21242,83,16,222,192,fat
2521,25,-1,1,6,11,signingsavvy,train,https://www.signingsavvy.com/signs/mp4/7/7139.mp4,1,21280,82,13,223,192,fault
2522,25,-1,1,7,11,signingsavvy,test,https://www.signingsavvy.com/signs/mp4/7/7139.mp4,1,21281,82,13,223,192,fault
2523,25,-1,1,9,11,signingsavvy,val,https://www.signingsavvy.com/signs/mp4/7/7140.mp4,1,21282,72,15,218,192,fault
137,25,-1,1,19,11,signingsavvy,train,https://www.signingsavvy.com/signs/mp4/14/14347.mp4,0,21878,69,14,214,192,fine
138,25,-1,1,26,11,signingsavvy,train,https://www.signingsavvy.com/signs/mp4/6/6355.mp4,1,21883,72,15,216,192,fine
250,25,-1,1,9,21,asldeafined,train,https://media.asldeafined.com/vocabulary/1468494387.7315.mp4,0,21945,62,5,564,480,finish
251,25,-1,1,13,10,signingsavvy,val,https://www.signingsavvy.com/signs/mp4/23/23269.mp4,1,21949,94,23,208,192,finish
1497,25,-1,1,19,12,aslsearch,train,http://www.aslsearch.com/signs/videos/first.mp4,0,22098,176,51,563,400,first
428,25,-1,1,12,11,signingsavvy,train,https://www.signingsavvy.com/signs/mp4/6/6808.mp4,1,22120,73,14,221,192,fish
429,25,-1,1,13,11,signingsavvy,train,https://www.signingsavvy.com/signs/mp4/6/6809.mp4,0,22121,74,16,221,192,fish
423,25,-1,1,5,12,aslsearch,train,http://www.aslsearch.com/signs/videos/fish.mp4,0,22130,166,52,551,400,fish
3397,25,-1,1,11,10,signingsavvy,test,https://www.signingsavvy.com/signs/mp4/22/22618.mp4,0,22720,87,22,196,192,follow
3398,25,-1,1,12,11,signingsavvy,val,https://www.signingsavvy.com/signs/mp4/8/8438.mp4,0,22721,74,16,219,192,follow
1926,25,-1,1,11,11,signingsavvy,test,https://www.signingsavvy.com/signs/mp4/6/6507.mp4,0,22810,65,15,220,192,football
1921,25,-1,1,3,12,aslsearch,val,http://www.aslsearch.com/signs/videos/football.mp4,0,22818,178,52,550,400,football
4366,25,-1,1,3,11,signingsavvy,train,https://www.signingsavvy.com/signs/mp4/1/1587.mp4,0,23049,52,11,223,192,form
4367,25,-1,1,4,10,signingsavvy,test,https://www.signingsavvy.com/signs/mp4/22/22337.mp4,1,23050,73,24,215,192,form
4368,25,-1,1,5,10,signingsavvy,train,https://www.signingsavvy.com/signs/mp4/22/22338.mp4,1,23051,81,23,217,192,form
884,25,-1,1,6,10,signingsavvy,train,https://www.signingsavvy.com/signs/mp4/23/23323.mp4,0,23774,70,18,219,192,full
885,25,-1,1,7,10,signingsavvy,val,https://www.signingsavvy.com/signs/mp4/23/23324.mp4,0,23775,77,18,219,192,full
1931,25,-1,1,5,11,signingsavvy,train,https://www.signingsavvy.com/signs/mp4/14/14738.mp4,0,23953,63,0,223,192,future
1934,25,-1,1,11,12,aslsearch,val,http://www.aslsearch.com/signs/videos/future.mp4,0,23956,173,53,536,400,future
1951,25,-1,1,12,21,asldeafined,train,https://media.asldeafined.com/vocabulary/1468548923.2582.mp4,0,24609,83,10,531,480,girl
1952,25,-1,1,14,11,signingsavvy,train,https://www.signingsavvy.com/signs/mp4/7/7076.mp4,0,24611,74,12,229,192,girl
1945,25,-1,1,5,12,aslsearch,train,http://www.aslsearch.com/signs/videos/girl.mp4,0,24614,174,64,541,400,girl
688,25,-1,1,23,11,signingsavvy,train,https://www.signingsavvy.com/signs/mp4/14/14622.mp4,1,24648,49,8,245,192,give
689,25,-1,1,24,10,signingsavvy,test,https://www.signingsavvy.com/signs/mp4/23/23273.mp4,1,24649,89,19,219,192,give
2544,25,-1,1,4,21,asldeafined,train,https://media.asldeafined.com/vocabulary/1468549134.8281.mp4,0,24726,31,4,595,480,glasses
2545,25,-1,1,6,11,signingsavvy,train,https://www.signingsavvy.com/signs/mp4/7/7800.mp4,0,24728,67,13,237,192,glasses
59,25,-1,1,3,10,signingsavvy,train,https://www.signingsavvy.com/signs/mp4/23/23400.mp4,0,24955,79,22,201,192,go
60,25,-1,1,4,10,signingsavvy,train,https://www.signingsavvy.com/signs/mp4/23/23401.mp4,0,24956,81,22,199,192,go
62,25,-1,1,9,10,signingsavvy,test,https://www.signingsavvy.com/signs/mp4/23/23517.mp4,1,24960,78,25,214,192,go
63,25,-1,1,10,10,signingsavvy,train,https://www.signingsavvy.com/signs/mp4/23/23517.mp4,1,24961,78,25,214,192,go
1506,25,-1,1,3,11,signingsavvy,test,https://www.signingsavvy.com/signs/mp4/14/14369.mp4,1,25072,79,10,216,192,good
1507,25,-1,1,4,11,signingsavvy,train,https://www.signingsavvy.com/signs/mp4/6/6519.mp4,0,25073,77,16,217,192,good
1510,25,-1,1,10,41,aslsearch,train,http://www.aslsearch.com/signs/videos/good.mp4,1,25076,244,43,499,400,good
1955,25,-1,1,3,4,signschool,val,https://signstock.blob.core.windows.net/signschool/videos/db_uploads/SignSchool%20Government-IBDl4aXPFgM.mp4,0,25246,515,49,1642,1080,government
1956,25,-1,1,4,21,asldeafined,train,https://media.asldeafined.com/vocabulary/1468549814.5634.mp4,0,25247,28,0,535,480,government
437,25,-1,1,10,21,asldeafined,train,https://media.asldeafined.com/vocabulary/1468549910.3136.mp4,0,25326,35,0,547,480,graduate
439,25,-1,1,14,11,signingsavvy,train,https://www.signingsavvy.com/signs/mp4/6/6256.mp4,0,25329,74,15,214,192,graduate
440,25,-1,1,15,11,signingsavvy,val,https://www.signingsavvy.com/signs/mp4/8/8864.mp4,0,25330,63,11,212,192,graduate
4417,25,-1,1,11,11,signingsavvy,train,https://www.signingsavvy.com/signs/mp4/14/14062.mp4,0,25377,55,9,214,192,grammar
4409,25,-1,1,1,11,signingsavvy,train,https://www.signingsavvy.com/signs/mp4/8/8611.mp4,0,25378,32,16,241,192,grammar
4428,25,-1,1,3,39,signschool,val,https://signstock.blob.core.windows.net/signschool/videos/db_uploads/SignSchool%20Great-fheMISmxquk.mp4,0,25625,560,135,1789,1080,great
4429,25,-1,1,5,13,asldeafined,train,https://media.asldeafined.com/vocabulary/1468928982.866.mp4,0,25627,59,7,596,480,great
1155,25,-1,1,14,10,signingsavvy,val,https://www.signingsavvy.com/signs/mp4/23/23925.mp4,0,26166,40,4,205,192,hair
1148,25,-1,1,3,12,aslsearch,train,http://www.aslsearch.com/signs/videos/hair2.mp4,0,26173,155,54,556,400,hair
2551,25,-1,1,1,21,asldeafined,val,https://media.asldeafined.com/vocabulary/1468579154.137.mp4,1,26255,90,10,544,480,halloween
2552,25,-1,1,4,10,signingsavvy,train,https://www.signingsavvy.com/signs/mp4/23/23070.mp4,1,26259,91,22,215,192,halloween
2555,25,-1,1,9,12,aslsearch,val,http://www.aslsearch.com/signs/videos/halloween.mp4,1,26262,186,49,543,400,halloween
450,25,-1,1,26,11,signingsavvy,train,https://www.signingsavvy.com/signs/mp4/6/6388.mp4,0,26719,44,4,227,192,hat
445,25,-1,1,16,41,aslsearch,train,http://www.aslsearch.com/signs/videos/ballcap.mp4,0,26739,203,39,485,400,hat
1165,25,-1,1,3,21,asldeafined,train,https://media.asldeafined.com/vocabulary/1468580092.2901.mp4,0,26837,24,2,591,480,headache
1166,25,-1,1,5,11,signingsavvy,val,https://www.signingsavvy.com/signs/mp4/14/14189.mp4,0,26839,50,6,225,192,headache
1964,25,-1,1,5,10,signingsavvy,train,https://www.signingsavvy.com/signs/mp4/23/23800.mp4,0,26950,62,18,209,192,hear
1965,25,-1,1,6,10,signingsavvy,train,https://www.signingsavvy.com/signs/mp4/23/23801.mp4,0,26951,68,18,208,192,hear
151,25,-1,1,20,11,signingsavvy,train,https://www.signingsavvy.com/signs/mp4/9/9918.mp4,0,27216,67,5,217,192,help
152,25,-1,1,21,11,signingsavvy,train,https://www.signingsavvy.com/signs/mp4/9/9936.mp4,0,27217,61,12,213,192,help
140,25,-1,1,4,12,aslsearch,train,http://www.aslsearch.com/signs/videos/help.mp4,0,27221,198,56,563,400,help
1981,25,-1,1,4,39,signschool,train,https://signstock.blob.core.windows.net/signschool/videos/db_uploads/SignSchool%20Hope-ja2Crl0Zpyo.mp4,1,27925,689,147,1575,1080,hope
1982,25,-1,1,5,21,asldeafined,train,https://media.asldeafined.com/vocabulary/1468581776.8100.mp4,1,27926,46,11,590,480,hope
262,25,-1,1,8,21,asldeafined,val,https://media.asldeafined.com/vocabulary/1468638601.9688.mp4,0,28112,61,4,500,480,hot
263,25,-1,1,11,11,signingsavvy,train,https://www.signingsavvy.com/signs/mp4/14/14232.mp4,0,28115,65,9,207,192,hot
264,25,-1,1,12,11,signingsavvy,train,https://www.signingsavvy.com/signs/mp4/6/6109.mp4,0,28116,64,11,221,192,hot
893,25,-1,1,9,11,signingsavvy,train,https://www.signingsavvy.com/signs/mp4/5/5874.mp4,0,28210,74,4,218,192,how
895,25,-1,1,12,11,signingsavvy,train,https://www.signingsavvy.com/signs/mp4/5/5875.mp4,1,28211,77,5,217,192,how
2596,25,-1,1,2,11,signingsavvy,train,https://www.signingsavvy.com/signs/mp4/8/8926.mp4,0,29143,68,13,205,192,improve
2597,25,-1,1,3,11,signingsavvy,val,https://www.signingsavvy.com/signs/mp4/8/8927.mp4,0,29144,66,9,209,192,improve
1177,25,-1,1,11,11,signingsavvy,val,https://www.signingsavvy.com/signs/mp4/9/9501.mp4,0,29656,71,11,203,192,inform
1178,25,-1,1,12,11,signingsavvy,test,https://www.signingsavvy.com/signs/mp4/9/9502.mp4,0,29657,45,0,227,192,inform
2007,25,-1,1,8,11,signingsavvy,train,https://www.signingsavvy.com/signs/mp4/6/6396.mp4,0,30160,71,12,218,192,interest
2009,25,-1,1,12,11,signingsavvy,train,https://www.signingsavvy.com/signs/mp4/9/9969.mp4,1,30162,69,11,208,192,interest
2010,25,-1,1,16,41,aslsearch,train,http://www.aslsearch.com/signs/videos/interest2.mp4,0,30166,253,48,501,400,interest
463,25,-1,1,7,21,asldeafined,train,https://media.asldeafined.com/vocabulary/1468670470.2614.mp4,1,31753,104,15,574,480,kiss
464,25,-1,1,9,11,signingsavvy,train,https://www.signingsavvy.com/signs/mp4/5/5947.mp4,1,31755,84,8,220,192,kiss
471,25,-1,1,8,13,asldeafined,train,https://media.asldeafined.com/vocabulary/1468671247.1222.mp4,1,32160,36,0,616,480,language
472,25,-1,1,11,11,signingsavvy,train,https://www.signingsavvy.com/signs/mp4/6/6380.mp4,0,32163,61,14,231,192,language
476,25,-1,1,19,12,aslsearch,test,http://www.aslsearch.com/signs/videos/language.mp4,0,32167,174,53,532,400,language
698,25,-1,1,12,11,signingsavvy,val,https://www.signingsavvy.com/signs/mp4/6/6164.mp4,1,32255,67,14,216,192,last
700,25,-1,1,16,11,signingsavvy,train,https://www.signingsavvy.com/signs/mp4/9/9194.mp4,1,32257,43,3,212,192,last
701,25,-1,1,19,12,aslsearch,train,http://www.aslsearch.com/signs/videos/last2.mp4,0,32260,174,51,560,400,last
487,25,-1,1,12,13,asldeafined,train,https://media.asldeafined.com/vocabulary/1468671424.4465.mp4,1,32326,111,0,529,480,later
489,25,-1,1,21,11,signingsavvy,train,https://www.signingsavvy.com/signs/mp4/7/7458.mp4,1,32333,67,15,215,192,later
478,25,-1,1,3,12,aslsearch,train,http://www.aslsearch.com/signs/videos/later.mp4,1,32337,178,55,542,400,later
1194,25,-1,1,16,13,asldeafined,val,https://media.asldeafined.com/vocabulary/1468671447.7129.mp4,0,32386,156,0,540,480,laugh
1196,25,-1,1,20,10,signingsavvy,train,https://www.signingsavvy.com/signs/mp4/22/22292.mp4,1,32388,64,25,208,192,laugh
1552,25,-1,1,16,13,asldeafined,train,https://media.asldeafined.com/vocabulary/1468671849.7366.mp4,1,32661,16,0,577,480,leave
1553,25,-1,1,17,13,asldeafined,val,https://media.asldeafined.com/vocabulary/1469158423.398.mp4,0,32662,99,21,480,480,leave
1555,25,-1,1,24,10,signingsavvy,train,https://www.signingsavvy.com/signs/mp4/22/22235.mp4,0,32667,32,14,204,192,leave
911,25,-1,1,9,11,signingsavvy,train,https://www.signingsavvy.com/signs/mp4/6/6847.mp4,2,32953,71,16,215,192,letter
912,25,-1,1,10,11,signingsavvy,train,https://www.signingsavvy.com/signs/mp4/6/6848.mp4,1,32954,67,15,227,192,letter
914,25,-1,1,13,11,signingsavvy,train,https://www.signingsavvy.com/signs/mp4/6/6850.mp4,1,32955,68,11,229,192,letter
274,25,-1,1,12,11,signingsavvy,train,https://www.signingsavvy.com/signs/mp4/14/14298.mp4,1,33273,70,11,209,192,like
275,25,-1,1,13,11,signingsavvy,train,https://www.signingsavvy.com/signs/mp4/6/6394.mp4,0,33274,73,14,213,192,like
1558,25,-1,1,3,13,asldeafined,train,https://media.asldeafined.com/vocabulary/1468712054.3568.mp4,0,33477,141,0,515,480,list
1559,25,-1,1,5,10,signingsavvy,train,https://www.signingsavvy.com/signs/mp4/23/23283.mp4,0,33479,102,19,221,192,list
1560,25,-1,1,6,10,signingsavvy,val,https://www.signingsavvy.com/signs/mp4/23/23285.mp4,0,33480,106,20,217,192,list
1571,25,-1,1,5,13,asldeafined,train,https://media.asldeafined.com/vocabulary/1468712664.805.mp4,0,34008,128,0,558,480,lose
1572,25,-1,1,10,11,signingsavvy,train,https://www.signingsavvy.com/signs/mp4/6/6520.mp4,1,34012,77,18,202,192,lose
2042,25,-1,1,15,4,signschool,train,https://signstock.blob.core.windows.net/signschool/videos/db_uploads/SignSchool%20Make-RGxUemQEoi0.mp4,0,34580,716,69,1635,1080,make
2034,25,-1,1,3,13,asldeafined,val,https://media.asldeafined.com/vocabulary/1468713374.2074.mp4,0,34581,87,0,512,480,make
501,25,-1,1,18,11,signingsavvy,train,https://www.signingsavvy.com/signs/mp4/7/7441.mp4,0,34742,66,10,221,192,man
491,25,-1,1,3,41,aslsearch,train,http://www.aslsearch.com/signs/videos/male.mp4,0,34746,214,37,479,400,man
282,25,-1,1,10,11,signingsavvy,train,https://www.signingsavvy.com/signs/mp4/6/6570.mp4,0,34830,82,14,221,192,many
283,25,-1,1,11,11,signingsavvy,train,https://www.signingsavvy.com/signs/mp4/8/8040.mp4,0,34831,84,11,230,192,many
284,25,-1,1,13,11,signingsavvy,train,https://www.signingsavvy.com/signs/mp4/8/8041.mp4,0,34832,86,12,228,192,many
707,25,-1,1,9,11,signingsavvy,train,https://www.signingsavvy.com/signs/mp4/5/5837.mp4,0,35517,82,7,205,192,meet
708,25,-1,1,10,11,signingsavvy,train,https://www.signingsavvy.com/signs/mp4/9/9003.mp4,0,35518,52,12,222,192,meet
3536,25,-1,1,13,11,signingsavvy,train,https://www.signingsavvy.com/signs/mp4/6/6539.mp4,0,36248,88,15,218,192,minute
3529,25,-1,1,2,11,signingsavvy,test,https://www.signingsavvy.com/signs/mp4/6/6540.mp4,1,36249,87,13,219,192,minute
293,25,-1,1,10,11,signingsavvy,train,https://www.signingsavvy.com/signs/mp4/6/6509.mp4,0,36937,72,18,210,192,mother
287,25,-1,1,3,41,aslsearch,train,http://www.aslsearch.com/signs/videos/mama.mp4,0,36946,218,38,468,400,mother
2680,25,-1,1,11,11,signingsavvy,train,https://www.signingsavvy.com/signs/mp4/2/2108.mp4,0,37094,48,13,226,192,move
2682,25,-1,1,16,11,signingsavvy,test,https://www.signingsavvy.com/signs/mp4/6/6650.mp4,0,37097,35,11,239,192,move
2691,25,-1,1,13,6,signschool,train,https://signstock.blob.core.windows.net/signschool/videos/db_uploads/SignSchool%20Near-NHzMwjY1u8k.mp4,0,37788,685,55,1456,1080,near
2692,25,-1,1,14,3,signschool,train,https://signstock.blob.core.windows.net/signschool/videos/db_uploads/SignSchool%20Near-xLl0ptpuPfA.mp4,0,37789,538,0,1367,1080,near
2684,25,-1,1,2,13,asldeafined,train,https://media.asldeafined.com/vocabulary/1468718072.176.mp4,0,37790,125,0,556,480,near
3577,25,-1,1,5,31,signschool,train,https://signstock.blob.core.windows.net/signschool/videos/db_uploads/SignSchool%20Necklace-SlA5dLXOizo.mp4,0,37855,629,76,1430,1080,necklace
3579,25,-1,1,11,11,signingsavvy,val,https://www.signingsavvy.com/signs/mp4/2/2136.mp4,1,37859,46,10,240,192,necklace
2081,25,-1,1,13,6,signschool,train,https://signstock.blob.core.windows.net/signschool/videos/db_uploads/SignSchool%20New-SgAqaWGs-2o.mp4,0,38126,557,72,1514,1080,new
2082,25,-1,1,14,13,asldeafined,train,https://media.asldeafined.com/vocabulary/1468718701.4785.mp4,0,38127,133,0,524,480,new
160,25,-1,1,19,10,signingsavvy,val,https://www.signingsavvy.com/signs/mp4/23/23949.mp4,0,38533,83,17,215,192,no
163,25,-1,1,23,11,signingsavvy,train,https://www.signingsavvy.com/signs/mp4/6/6400.mp4,0,38534,77,17,218,192,no
155,25,-1,1,10,41,aslsearch,train,http://www.aslsearch.com/signs/videos/no.mp4,0,38544,258,38,509,400,no
305,25,-1,1,22,11,signingsavvy,train,https://www.signingsavvy.com/signs/mp4/7/7687.mp4,0,38997,78,20,219,192,now
299,25,-1,1,8,11,signingsavvy,train,https://www.signingsavvy.com/signs/mp4/7/7774.mp4,0,38999,85,19,229,192,now
2091,25,-1,1,4,10,signingsavvy,train,https://www.signingsavvy.com/signs/mp4/24/24017.mp4,0,39462,71,16,218,192,office
2092,25,-1,1,5,10,signingsavvy,train,https://www.signingsavvy.com/signs/mp4/24/24018.mp4,1,39463,75,16,224,192,office
312,25,-1,1,12,11,signingsavvy,train,https://www.signingsavvy.com/signs/mp4/14/14519.mp4,0,40121,81,10,222,192,orange
314,25,-1,1,22,12,aslsearch,train,http://www.aslsearch.com/signs/videos/orange.mp4,0,40129,175,50,531,400,orange
315,25,-1,1,23,12,aslsearch,train,http://www.aslsearch.com/signs/videos/orange.mp4,0,40130,175,50,531,400,orange
2108,25,-1,1,18,11,signingsavvy,train,https://www.signingsavvy.com/signs/mp4/14/14688.mp4,0,40179,53,8,222,192,order
2100,25,-1,1,2,41,aslsearch,val,http://www.aslsearch.com/signs/videos/arrange.mp4,0,40183,184,33,542,400,order
4591,25,-1,1,3,39,signschool,train,https://signstock.blob.core.windows.net/signschool/videos/db_uploads/SignSchool%20Outside-zFqna_iLbUc.mp4,1,40469,727,98,1701,1080,outside
4592,25,-1,1,4,13,asldeafined,train,https://media.asldeafined.com/vocabulary/1468722785.4436.mp4,1,40470,49,0,523,480,outside
4593,25,-1,1,8,10,signingsavvy,train,https://www.signingsavvy.com/signs/mp4/22/22946.mp4,1,40474,57,28,201,192,outside
2122,25,-1,1,12,11,signingsavvy,val,https://www.signingsavvy.com/signs/mp4/6/6693.mp4,1,41321,51,12,237,192,party
2123,25,-1,1,13,11,signingsavvy,val,https://www.signingsavvy.com/signs/mp4/6/6694.mp4,0,41322,46,11,239,192,party
2134,25,-1,1,14,13,asldeafined,train,https://media.asldeafined.com/vocabulary/1468724279.1587.mp4,0,41450,110,0,519,480,past
2126,25,-1,1,3,11,signingsavvy,train,https://www.signingsavvy.com/signs/mp4/5/5971.mp4,0,41452,65,9,219,192,past
2769,25,-1,1,6,11,signingsavvy,train,https://www.signingsavvy.com/signs/mp4/14/14270.mp4,0,42251,56,14,199,192,perspective
2771,25,-1,1,8,11,signingsavvy,train,https://www.signingsavvy.com/signs/mp4/14/14332.mp4,0,42252,54,11,215,192,perspective
2772,25,-1,1,9,11,signingsavvy,train,https://www.signingsavvy.com/signs/mp4/14/14333.mp4,0,42253,49,11,205,192,perspective
716,25,-1,1,10,10,signingsavvy,train,https://www.signingsavvy.com/signs/mp4/22/22812.mp4,1,42836,89,21,200,192,pink
719,25,-1,1,20,41,aslsearch,train,http://www.aslsearch.com/signs/videos/pink.mp4,1,42843,241,36,497,400,pink
730,25,-1,1,18,11,signingsavvy,train,https://www.signingsavvy.com/signs/mp4/14/14610.mp4,0,42966,63,8,219,192,pizza
731,25,-1,1,19,11,signingsavvy,train,https://www.signingsavvy.com/signs/mp4/6/6671.mp4,0,42967,70,14,224,192,pizza
732,25,-1,1,21,11,signingsavvy,train,https://www.signingsavvy.com/signs/mp4/6/6673.mp4,1,42969,54,15,219,192,pizza
736,25,-1,1,6,13,asldeafined,test,https://media.asldeafined.com/vocabulary/1468726677.3753.mp4,0,43171,147,0,593,480,play
737,25,-1,1,8,11,signingsavvy,train,https://www.signingsavvy.com/signs/mp4/14/14657.mp4,0,43173,74,7,226,192,play
738,25,-1,1,9,11,signingsavvy,train,https://www.signingsavvy.com/signs/mp4/6/6372.mp4,0,43174,64,11,231,192,play
3645,25,-1,1,14,11,signingsavvy,test,https://www.signingsavvy.com/signs/mp4/14/14332.mp4,0,43452,54,11,215,192,point
3638,25,-1,1,3,12,aslsearch,train,http://www.aslsearch.com/signs/videos/objective.mp4,0,43461,175,50,552,400,point
2162,25,-1,1,14,10,signingsavvy,train,https://www.signingsavvy.com/signs/mp4/23/23173.mp4,0,44086,59,24,216,192,practice
2154,25,-1,1,3,11,signingsavvy,val,https://www.signingsavvy.com/signs/mp4/8/8953.mp4,0,44087,62,18,207,192,practice
2163,25,-1,1,2,10,signingsavvy,train,https://www.signingsavvy.com/signs/mp4/22/22288.mp4,0,44373,42,14,240,192,president
2164,25,-1,1,3,10,signingsavvy,val,https://www.signingsavvy.com/signs/mp4/22/22289.mp4,0,44374,44,13,245,192,president
1603,25,-1,1,1,13,asldeafined,test,https://media.asldeafined.com/vocabulary/1468756235.8420.mp4,0,44684,111,0,610,480,problem
1604,25,-1,1,3,11,signingsavvy,train,https://www.signingsavvy.com/signs/mp4/6/6659.mp4,0,44686,55,14,218,192,problem
1605,25,-1,1,4,11,signingsavvy,train,https://www.signingsavvy.com/signs/mp4/6/6661.mp4,0,44687,42,12,231,192,problem
949,25,-1,1,5,10,signingsavvy,val,https://www.signingsavvy.com/signs/mp4/22/22921.mp4,0,45267,60,29,223,192,pull
952,25,-1,1,14,41,aslsearch,train,http://www.aslsearch.com/signs/videos/pull.mp4,0,45273,213,38,551,400,pull
3680,25,-1,1,10,11,signingsavvy,train,https://www.signingsavvy.com/signs/mp4/14/14681.mp4,0,46296,45,7,230,192,ready
3682,25,-1,1,14,11,signingsavvy,train,https://www.signingsavvy.com/signs/mp4/9/9415.mp4,0,46299,54,12,218,192,ready
970,25,-1,1,13,13,asldeafined,train,https://media.asldeafined.com/vocabulary/1468761005.7507.mp4,1,48109,47,0,566,480,right
971,25,-1,1,19,10,signingsavvy,train,https://www.signingsavvy.com/signs/mp4/22/22624.mp4,1,48114,76,20,212,192,right
972,25,-1,1,20,11,signingsavvy,test,https://www.signingsavvy.com/signs/mp4/6/6234.mp4,0,48115,86,15,214,192,right
1238,25,-1,1,8,11,signingsavvy,train,https://www.signingsavvy.com/signs/mp4/9/9515.mp4,1,48516,56,9,215,192,room
1241,25,-1,1,12,11,signingsavvy,train,https://www.signingsavvy.com/signs/mp4/9/9516.mp4,0,48517,52,8,219,192,room
976,25,-1,1,5,13,asldeafined,train,https://media.asldeafined.com/vocabulary/1468762687.6352.mp4,0,49178,126,0,522,480,same
977,25,-1,1,8,11,signingsavvy,train,https://www.signingsavvy.com/signs/mp4/14/14298.mp4,0,49181,70,11,209,192,same
978,25,-1,1,9,11,signingsavvy,val,https://www.signingsavvy.com/signs/mp4/8/8807.mp4,1,49182,60,10,211,192,same
2204,25,-1,1,3,11,signingsavvy,val,https://www.signingsavvy.com/signs/mp4/7/7885.mp4,0,49251,101,16,217,192,sandwich
2205,25,-1,1,4,11,signingsavvy,train,https://www.signingsavvy.com/signs/mp4/9/9082.mp4,0,49252,88,18,201,192,sandwich
752,25,-1,1,18,15,asldeafined,train,https://media.asldeafined.com/vocabulary/1522768179.9250.mp4,0,49600,125,30,517,480,school
745,25,-1,1,7,11,signingsavvy,train,https://www.signingsavvy.com/signs/mp4/6/6564.mp4,0,49602,77,12,221,192,school
3709,25,-1,1,5,11,signingsavvy,train,https://www.signingsavvy.com/signs/mp4/0/382.mp4,0,49697,60,15,223,192,score
3710,25,-1,1,7,10,signingsavvy,test,https://www.signingsavvy.com/signs/mp4/23/23691.mp4,1,49699,82,18,197,192,score
3711,25,-1,1,8,10,signingsavvy,val,https://www.signingsavvy.com/signs/mp4/23/23691.mp4,1,49700,82,18,197,192,score
758,25,-1,1,8,11,signingsavvy,train,https://www.signingsavvy.com/signs/mp4/6/6921.mp4,0,50044,74,14,239,192,secretary
759,25,-1,1,9,11,signingsavvy,train,https://www.signingsavvy.com/signs/mp4/8/8440.mp4,1,50045,58,16,228,192,secretary
761,25,-1,1,12,11,signingsavvy,train,https://www.signingsavvy.com/signs/mp4/8/8857.mp4,0,50046,49,7,216,192,secretary
509,25,-1,1,18,10,signingsavvy,train,https://www.signingsavvy.com/signs/mp4/23/23615.mp4,0,51063,70,17,218,192,shirt
510,25,-1,1,19,10,signingsavvy,train,https://www.signingsavvy.com/signs/mp4/23/23616.mp4,0,51064,62,17,214,192,shirt
511,25,-1,1,22,10,signingsavvy,test,https://www.signingsavvy.com/signs/mp4/23/23618.mp4,0,51066,65,17,213,192,shirt
5865,25,-1,1,1,10,signingsavvy,train,https://www.signingsavvy.com/signs/mp4/22/22149.mp4,0,51107,42,14,242,192,shock
5866,25,-1,1,2,10,signingsavvy,train,https://www.signingsavvy.com/signs/mp4/22/22662.mp4,0,51108,61,20,237,192,shock
768,25,-1,1,8,34,asldeafined,val,https://media.asldeafined.com/vocabulary/1546575090.7731.mp4,0,51227,55,19,563,480,short
771,25,-1,1,14,10,signingsavvy,train,https://www.signingsavvy.com/signs/mp4/23/23534.mp4,1,51231,83,23,214,192,short
772,25,-1,1,15,11,signingsavvy,train,https://www.signingsavvy.com/signs/mp4/9/9191.mp4,0,51232,69,17,215,192,short
1255,25,-1,1,12,11,signingsavvy,train,https://www.signingsavvy.com/signs/mp4/9/9921.mp4,0,51355,69,12,217,192,show
1256,25,-1,1,13,11,signingsavvy,train,https://www.signingsavvy.com/signs/mp4/9/9922.mp4,0,51356,57,8,215,192,show
2214,25,-1,1,2,21,asldeafined,train,https://media.asldeafined.com/vocabulary/1532963329.1684.mp4,0,51621,55,34,568,480,sign
2221,25,-1,1,28,21,asldeafined,train,https://media.asldeafined.com/vocabulary/1532963329.1684.mp4,0,51622,55,34,568,480,sign
2217,25,-1,1,16,10,signingsavvy,train,https://www.signingsavvy.com/signs/mp4/22/22309.mp4,0,51628,69,25,216,192,sign
2836,25,-1,1,2,10,signingsavvy,train,https://www.signingsavvy.com/signs/mp4/23/23532.mp4,0,51709,80,24,208,192,silly
2837,25,-1,1,3,11,signingsavvy,val,https://www.signingsavvy.com/signs/mp4/9/9096.mp4,0,51710,77,18,216,192,silly
1269,25,-1,1,4,11,signingsavvy,val,https://www.signingsavvy.com/signs/mp4/14/14606.mp4,0,52863,54,0,237,192,snow
1273,25,-1,1,12,12,aslsearch,train,http://www.aslsearch.com/signs/videos/snow.mp4,0,52867,194,52,562,400,snow
983,25,-1,1,5,11,signingsavvy,val,https://www.signingsavvy.com/signs/mp4/8/8467.mp4,0,53274,47,17,208,192,son
984,25,-1,1,6,11,signingsavvy,train,https://www.signingsavvy.com/signs/mp4/8/8468.mp4,0,53275,51,16,208,192,son
1629,25,-1,1,7,11,signingsavvy,train,https://www.signingsavvy.com/signs/mp4/9/9723.mp4,0,53301,69,14,214,192,soon
1633,25,-1,1,13,12,aslsearch,train,http://www.aslsearch.com/signs/videos/soon2.mp4,1,53304,191,54,568,400,soon
1634,25,-1,1,14,12,aslsearch,train,http://www.aslsearch.com/signs/videos/soon.mp4,0,53305,190,61,572,400,soon
3766,25,-1,1,2,4,signschool,test,https://signstock.blob.core.windows.net/signschool/videos/db_uploads/SignSchool%20Oral%202-8GbSo_YNVS0.mp4,0,53701,721,57,1631,1067,speech
3768,25,-1,1,8,10,signingsavvy,train,https://www.signingsavvy.com/signs/mp4/22/22166.mp4,1,53706,52,15,214,192,speech
1645,25,-1,1,15,13,asldeafined,val,https://media.asldeafined.com/vocabulary/1468866523.9046.mp4,0,54558,79,0,527,480,stay
1637,25,-1,1,4,11,signingsavvy,train,https://www.signingsavvy.com/signs/mp4/5/5811.mp4,0,54561,36,5,219,192,stay
1638,25,-1,1,5,11,signingsavvy,val,https://www.signingsavvy.com/signs/mp4/5/5812.mp4,1,54562,63,6,216,192,stay
516,25,-1,1,6,15,asldeafined,train,https://media.asldeafined.com/vocabulary/1522766622.3153.mp4,0,55366,147,24,531,480,study
517,25,-1,1,8,10,signingsavvy,train,https://www.signingsavvy.com/signs/mp4/22/22165.mp4,0,55368,68,24,216,192,study
2875,25,-1,1,3,11,signingsavvy,train,https://www.signingsavvy.com/signs/mp4/8/8734.mp4,0,56313,70,9,211,192,sweet
2876,25,-1,1,4,11,signingsavvy,val,https://www.signingsavvy.com/signs/mp4/8/8735.mp4,0,56314,70,12,212,192,sweet
2879,25,-1,1,9,12,aslsearch,train,http://www.aslsearch.com/signs/videos/sugar.mp4,0,56317,198,52,538,400,sweet
1281,25,-1,1,7,11,signingsavvy,test,https://www.signingsavvy.com/signs/mp4/9/9094.mp4,1,56701,66,17,220,192,take
1283,25,-1,1,9,11,signingsavvy,val,https://www.signingsavvy.com/signs/mp4/9/9145.mp4,1,56702,67,13,219,192,take
530,25,-1,1,8,13,asldeafined,test,https://media.asldeafined.com/vocabulary/1468943060.7425.mp4,0,56843,73,0,557,480,tall
531,25,-1,1,9,34,asldeafined,train,https://media.asldeafined.com/vocabulary/1546575217.9786.mp4,1,56844,146,19,549,480,tall
533,25,-1,1,12,11,signingsavvy,train,https://www.signingsavvy.com/signs/mp4/14/14373.mp4,0,56846,35,0,220,192,tall
536,25,-1,1,18,11,signingsavvy,train,https://www.signingsavvy.com/signs/mp4/8/8777.mp4,1,56848,65,10,211,192,tall
995,25,-1,1,7,11,signingsavvy,train,https://www.signingsavvy.com/signs/mp4/7/7823.mp4,0,57284,80,14,228,192,tell
996,25,-1,1,8,11,signingsavvy,val,https://www.signingsavvy.com/signs/mp4/9/9494.mp4,0,57285,69,11,209,192,tell
329,25,-1,1,13,15,asldeafined,train,https://media.asldeafined.com/vocabulary/1522763837.9158.mp4,0,57635,150,24,521,480,thanksgiving
330,25,-1,1,16,10,signingsavvy,train,https://www.signingsavvy.com/signs/mp4/23/23272.mp4,1,57638,94,19,238,192,thanksgiving
331,25,-1,1,17,10,signingsavvy,val,https://www.signingsavvy.com/signs/mp4/23/23652.mp4,0,57639,66,15,209,192,thanksgiving
2269,25,-1,1,5,11,signingsavvy,train,https://www.signingsavvy.com/signs/mp4/14/14838.mp4,0,57789,71,9,223,192,theory
2272,25,-1,1,9,11,signingsavvy,train,https://www.signingsavvy.com/signs/mp4/8/8900.mp4,0,57791,59,5,216,192,theory
2273,25,-1,1,12,12,aslsearch,test,http://www.aslsearch.com/signs/videos/theory.mp4,0,57794,162,53,535,400,theory
175,25,-1,1,16,13,asldeafined,train,https://media.asldeafined.com/vocabulary/1468944700.6887.mp4,1,57942,120,0,533,480,thin
178,25,-1,1,20,34,asldeafined,test,https://media.asldeafined.com/vocabulary/1546575308.9841.mp4,0,57943,129,21,550,480,thin
179,25,-1,1,24,10,signingsavvy,train,https://www.signingsavvy.com/signs/mp4/22/22386.mp4,0,57947,90,24,227,192,thin
164,25,-1,1,1,10,signingsavvy,val,https://www.signingsavvy.com/signs/mp4/22/22387.mp4,1,57948,66,21,206,192,thin
1005,25,-1,1,6,11,signingsavvy,train,https://www.signingsavvy.com/signs/mp4/6/6020.mp4,0,58366,79,11,217,192,thursday
1010,25,-1,1,15,12,aslsearch,val,http://www.aslsearch.com/signs/videos/thursday.mp4,0,58370,163,53,540,400,thursday
3833,25,-1,1,13,10,signingsavvy,val,https://www.signingsavvy.com/signs/mp4/22/22142.mp4,0,58450,58,16,239,192,tiger
3826,25,-1,1,4,12,aslsearch,train,http://www.aslsearch.com/signs/videos/tiger.mp4,0,58452,175,49,552,400,tiger
3836,25,-1,1,2,15,asldeafined,train,https://media.asldeafined.com/vocabulary/1499872819.6788.mp4,1,58655,138,37,633,480,toast
3837,25,-1,1,4,10,signingsavvy,train,https://www.signingsavvy.com/signs/mp4/24/24055.mp4,0,58657,76,17,198,192,toast
2934,25,-1,1,12,11,signingsavvy,train,https://www.signingsavvy.com/signs/mp4/7/7687.mp4,0,58682,78,20,219,192,today
2935,25,-1,1,13,11,signingsavvy,train,https://www.signingsavvy.com/signs/mp4/7/7688.mp4,0,58683,86,19,231,192,today
2928,25,-1,1,3,11,signingsavvy,val,https://www.signingsavvy.com/signs/mp4/9/9785.mp4,0,58684,64,12,213,192,today
3863,25,-1,1,10,13,asldeafined,train,https://media.asldeafined.com/vocabulary/1468946299.1647.mp4,1,59151,165,0,536,480,town
3864,25,-1,1,12,11,signingsavvy,train,https://www.signingsavvy.com/signs/mp4/6/6001.mp4,1,59153,73,3,221,192,town
1673,25,-1,1,5,4,signschool,val,https://signstock.blob.core.windows.net/signschool/videos/db_uploads/SignSchool%20Trade%2C%20Exchange-mrIg6AlheOY.mp4,0,59210,690,89,1709,1080,trade
1674,25,-1,1,6,31,signschool,train,https://signstock.blob.core.windows.net/signschool/videos/db_uploads/SignSchool%20Trade-Qm_DAgDj07A.mp4,0,59211,616,97,1435,1080,trade
1675,25,-1,1,7,21,asldeafined,val,https://media.asldeafined.com/vocabulary/1468946514.2444.mp4,0,59212,35,13,603,480,trade
2287,25,-1,1,8,11,signingsavvy,train,https://www.signingsavvy.com/signs/mp4/9/9822.mp4,0,59316,71,12,212,192,train
2290,25,-1,1,14,12,aslsearch,test,http://www.aslsearch.com/signs/videos/practice.mp4,0,59319,189,56,559,400,train
1682,25,-1,1,3,13,asldeafined,train,https://media.asldeafined.com/vocabulary/1468946919.6928.mp4,0,59500,110,0,556,480,travel
1683,25,-1,1,5,11,signingsavvy,val,https://www.signingsavvy.com/signs/mp4/14/14645.mp4,0,59502,52,8,230,192,travel
1684,25,-1,1,6,11,signingsavvy,train,https://www.signingsavvy.com/signs/mp4/9/9117.mp4,0,59503,67,16,217,192,travel
2294,25,-1,1,3,11,signingsavvy,test,https://www.signingsavvy.com/signs/mp4/9/9813.mp4,1,60352,53,10,236,192,ugly
2295,25,-1,1,4,11,signingsavvy,val,https://www.signingsavvy.com/signs/mp4/9/9813.mp4,1,60353,53,10,236,192,ugly
6029,25,-1,1,9,13,asldeafined,train,https://media.asldeafined.com/vocabulary/1468925400.2107.mp4,0,60952,87,0,520,480,upset
6030,25,-1,1,11,11,signingsavvy,val,https://www.signingsavvy.com/signs/mp4/9/9369.mp4,0,60954,45,10,219,192,upset
1016,25,-1,1,5,13,asldeafined,val,https://media.asldeafined.com/vocabulary/1468926605.5501.mp4,0,61810,155,0,542,480,visit
1017,25,-1,1,7,11,signingsavvy,train,https://www.signingsavvy.com/signs/mp4/14/14209.mp4,0,61812,61,8,216,192,visit
2962,25,-1,1,13,13,asldeafined,train,https://media.asldeafined.com/vocabulary/1468926716.6741.mp4,0,61918,156,0,530,480,voice
2954,25,-1,1,2,11,signingsavvy,train,https://www.signingsavvy.com/signs/mp4/6/6311.mp4,0,61920,82,14,214,192,voice
2955,25,-1,1,3,11,signingsavvy,val,https://www.signingsavvy.com/signs/mp4/9/9624.mp4,0,61921,70,10,208,192,voice
2965,25,-1,1,3,13,asldeafined,val,https://media.asldeafined.com/vocabulary/1468926788.2550.mp4,0,61984,144,0,519,480,vomit
2966,25,-1,1,5,11,signingsavvy,train,https://www.signingsavvy.com/signs/mp4/7/7819.mp4,0,61986,79,13,223,192,vomit
1027,25,-1,1,7,13,asldeafined,train,https://media.asldeafined.com/vocabulary/1468926839.9265.mp4,0,62103,149,0,551,480,wait
1028,25,-1,1,10,11,signingsavvy,train,https://www.signingsavvy.com/signs/mp4/7/7259.mp4,0,62106,83,18,210,192,wait
188,25,-1,1,20,10,signingsavvy,train,https://www.signingsavvy.com/signs/mp4/23/23053.mp4,0,62168,76,17,237,192,walk
189,25,-1,1,21,10,signingsavvy,train,https://www.signingsavvy.com/signs/mp4/23/23054.mp4,0,62169,73,16,239,192,walk
190,25,-1,1,22,11,signingsavvy,train,https://www.signingsavvy.com/signs/mp4/9/9209.mp4,0,62170,57,16,224,192,walk
788,25,-1,1,8,11,signingsavvy,train,https://www.signingsavvy.com/signs/mp4/6/6971.mp4,0,62250,77,15,234,192,want
789,25,-1,1,9,11,signingsavvy,train,https://www.signingsavvy.com/signs/mp4/6/6972.mp4,0,62251,83,15,225,192,want
1040,25,-1,1,17,13,asldeafined,train,https://media.asldeafined.com/vocabulary/1468927236.4055.mp4,0,62503,133,0,514,480,water
1032,25,-1,1,5,10,signingsavvy,val,https://www.signingsavvy.com/signs/mp4/22/22969.mp4,0,62505,89,21,207,192,water
1033,25,-1,1,6,10,signingsavvy,train,https://www.signingsavvy.com/signs/mp4/22/22970.mp4,0,62506,89,22,204,192,water
3913,25,-1,1,12,11,signingsavvy,val,https://www.signingsavvy.com/signs/mp4/6/6766.mp4,0,62736,71,17,220,192,weekend
3905,25,-1,1,3,12,aslsearch,train,http://www.aslsearch.com/signs/videos/weekend.mp4,0,62738,203,55,569,400,weekend
1303,25,-1,1,4,11,signingsavvy,val,https://www.signingsavvy.com/signs/mp4/6/6752.mp4,0,62746,69,17,214,192,week
1304,25,-1,1,5,11,signingsavvy,val,https://www.signingsavvy.com/signs/mp4/7/7600.mp4,0,62747,58,14,226,192,week
2997,25,-1,1,4,12,aslsearch,train,http://www.aslsearch.com/signs/videos/wet.mp4,0,62930,208,62,571,400,wet
342,25,-1,1,25,10,signingsavvy,test,https://www.signingsavvy.com/signs/mp4/23/23463.mp4,1,62975,52,24,246,192,what
344,25,-1,1,28,11,signingsavvy,train,https://www.signingsavvy.com/signs/mp4/5/5985.mp4,0,62979,77,2,231,192,what
339,25,-1,1,20,12,aslsearch,test,http://www.aslsearch.com/signs/videos/what2.mp4,1,62987,159,58,577,400,what
539,25,-1,1,6,13,asldeafined,train,https://media.asldeafined.com/vocabulary/1468928266.3449.mp4,0,63205,109,5,519,480,white
540,25,-1,1,8,11,signingsavvy,train,https://www.signingsavvy.com/signs/mp4/7/7061.mp4,0,63207,82,14,226,192,white
541,25,-1,1,9,11,signingsavvy,train,https://www.signingsavvy.com/signs/mp4/7/7064.mp4,0,63208,73,13,224,192,white
87,25,-1,1,15,59,asldeafined,train,https://media.asldeafined.com/vocabulary/1539176590.1089.mp4,0,63232,112,28,507,480,who
90,25,-1,1,23,11,signingsavvy,train,https://www.signingsavvy.com/signs/mp4/9/9019.mp4,0,63236,81,19,207,192,who
91,25,-1,1,24,11,signingsavvy,val,https://www.signingsavvy.com/signs/mp4/9/9020.mp4,0,63237,82,17,212,192,who
1314,25,-1,1,5,13,asldeafined,val,https://media.asldeafined.com/vocabulary/1468928387.7740.mp4,0,63285,101,2,514,480,why
1315,25,-1,1,7,11,signingsavvy,train,https://www.signingsavvy.com/signs/mp4/6/6973.mp4,0,63287,63,14,223,192,why
1316,25,-1,1,8,11,signingsavvy,train,https://www.signingsavvy.com/signs/mp4/8/8837.mp4,0,63288,48,5,213,192,why
352,25,-1,1,11,11,signingsavvy,train,https://www.signingsavvy.com/signs/mp4/6/6188.mp4,0,63672,71,14,215,192,woman
353,25,-1,1,12,11,signingsavvy,train,https://www.signingsavvy.com/signs/mp4/8/8401.mp4,0,63673,78,14,234,192,woman
346,25,-1,1,3,41,aslsearch,train,http://www.aslsearch.com/signs/videos/woman.mp4,0,63679,231,38,486,400,woman
798,25,-1,1,9,13,asldeafined,train,https://media.asldeafined.com/vocabulary/1468929052.2546.mp4,0,63793,125,8,554,480,work
799,25,-1,1,11,11,signingsavvy,val,https://www.signingsavvy.com/signs/mp4/14/14523.mp4,0,63795,75,14,206,192,work
4989,25,-1,1,13,39,signschool,train,https://signstock.blob.core.windows.net/signschool/videos/db_uploads/SignSchool%20Wow%2C%20Favorite%20Ind-1NxHLaB6KpA.mp4,0,63955,740,143,1556,1080,wow
4990,25,-1,1,15,13,asldeafined,val,https://media.asldeafined.com/vocabulary/1468929317.716.mp4,0,63958,126,8,520,480,wow
4991,25,-1,1,19,10,signingsavvy,test,https://www.signingsavvy.com/signs/mp4/22/22651.mp4,0,63962,79,17,215,192,wow
1333,25,-1,1,4,15,asldeafined,val,https://media.asldeafined.com/vocabulary/1522768314.6956.mp4,0,64061,123,30,511,480,write
1334,25,-1,1,8,11,signingsavvy,train,https://www.signingsavvy.com/signs/mp4/8/8441.mp4,0,64065,59,17,215,192,write
200,25,-1,1,21,11,signingsavvy,train,https://www.signingsavvy.com/signs/mp4/7/7228.mp4,0,64218,72,15,221,192,year
199,25,-1,1,20,11,signingsavvy,train,https://www.signingsavvy.com/signs/mp4/7/7723.mp4,0,64219,88,16,226,192,year
192,25,-1,1,7,12,aslsearch,train,http://www.aslsearch.com/signs/videos/year.mp4,0,64224,176,52,537,400,year
204,25,-1,1,6,10,signingsavvy,train,https://www.signingsavvy.com/signs/mp4/23/23544.mp4,0,64291,81,25,212,192,yes
205,25,-1,1,8,10,signingsavvy,train,https://www.signingsavvy.com/signs/mp4/23/23545.mp4,0,64292,79,23,212,192,yes
206,25,-1,1,9,10,signingsavvy,test,https://www.signingsavvy.com/signs/mp4/23/23546.mp4,0,64293,70,20,212,192,yes
1343,25,-1,1,4,13,asldeafined,train,https://media.asldeafined.com/vocabulary/1468774999.2098.mp4,0,64309,117,5,528,480,yesterday
1344,25,-1,1,6,10,signingsavvy,train,https://www.signingsavvy.com/signs/mp4/22/22109.mp4,0,64311,40,14,210,192,yesterday
573,25,-1,1,12,88,aslsignbank,train,https://aslsignbank.haskins.yale.edu/dictionary/protected_media/glossvideo/ASL/AP/APPLE-406.mp4,0,65084,119,4,486,370,apple
4057,25,-1,1,6,90,aslsignbank,train,https://aslsignbank.haskins.yale.edu/dictionary/protected_media/glossvideo/ASL/BI/BIG-410.mp4,0,65182,144,24,530,370,big
1091,25,-1,1,10,102,aslsignbank,train,https://aslsignbank.haskins.yale.edu/dictionary/protected_media/glossvideo/ASL/CA/CAT-1037.mp4,0,65312,156,19,486,370,cat
3346,25,-1,1,0,94,aslsignbank,val,https://aslsignbank.haskins.yale.edu/dictionary/protected_media/glossvideo/ASL/FA/FAST-130.mp4,0,65689,156,17,505,370,fast
1494,25,-1,1,13,106,aslsignbank,train,https://aslsignbank.haskins.yale.edu/dictionary/protected_media/glossvideo/ASL/FI/FIRST-458.mp4,0,65728,154,28,497,370,first
149,25,-1,1,16,90,aslsignbank,train,https://aslsignbank.haskins.yale.edu/dictionary/protected_media/glossvideo/ASL/HE/HELP-483.mp4,0,65889,188,15,469,370,help
499,25,-1,1,15,97,aslsignbank,val,https://aslsignbank.haskins.yale.edu/dictionary/protected_media/glossvideo/ASL/MA/MAN-503.mp4,0,66097,143,7,464,370,man
295,25,-1,1,13,90,aslsignbank,train,https://aslsignbank.haskins.yale.edu/dictionary/protected_media/glossvideo/ASL/MO/MOTHER-509.mp4,0,66146,190,13,462,370,mother
1271,25,-1,1,9,90,aslsignbank,train,https://aslsignbank.haskins.yale.edu/dictionary/protected_media/glossvideo/ASL/SN/SNOW-686.mp4,0,66518,142,17,501,370,snow
1006,25,-1,1,9,98,aslsignbank,train,https://aslsignbank.haskins.yale.edu/dictionary/protected_media/glossvideo/ASL/TH/THURSDAY-1224.mp4,0,66637,166,30,453,370,thursday
2999,25,-1,1,6,88,aslsignbank,train,https://aslsignbank.haskins.yale.edu/dictionary/protected_media/glossvideo/ASL/WE/WET-319.mp4,0,66766,180,7,493,370,wet
